medalist_name,Sport,Gender,Medal
Bair Badënov,archery,male,bronze
Jiang Lin,archery,male,bronze
Li Wenquan,archery,male,bronze
Xue Haifeng,archery,male,bronze
Bérengère Schuh,archery,female,bronze
Sophie Dodemont,archery,female,bronze
Virginie Arnold,archery,female,bronze
Yun Ok-hee,archery,female,bronze
Ilario Di Buò,archery,male,silver
Marco Galiazzo,archery,male,silver
Mauro Nespoli,archery,male,silver
Park Kyung-mo,archery,male,silver
Chen Ling,archery,female,silver
Guo Dan,archery,female,silver
Park Sung-hyun,archery,female,silver
Im Dong-hyun,archery,male,gold
Lee Chang-hwan,archery,male,gold
Viktor Ruban,archery,male,gold
Joo Hyun-Jung,archery,female,gold
Zhang Juanjuan,archery,female,gold
Alexander Artemev,artistic gymnastics,male,bronze
Anton Fokin,artistic gymnastics,male,bronze
Anton Golotsutskov,artistic gymnastics,male,bronze
Benoît Caranobe,artistic gymnastics,male,bronze
Fabian Hambüchen,artistic gymnastics,male,bronze
Jonathan Horton,artistic gymnastics,male,bronze
Joseph Hagerty,artistic gymnastics,male,bronze
Justin Spring,artistic gymnastics,male,bronze
Kevin Tan,artistic gymnastics,male,bronze
Louis Smith,artistic gymnastics,male,bronze
Oleksandr Vorobiov,artistic gymnastics,male,bronze
Raj Bhavsar,artistic gymnastics,male,bronze
Anamaria Tămârjan,artistic gymnastics,female,bronze
Andreea Acatrinei,artistic gymnastics,female,bronze
Andreea Grigore,artistic gymnastics,female,bronze
Gabriela Drăgoi,artistic gymnastics,female,bronze
Sandra Izbașa,artistic gymnastics,female,bronze
Steliana Nistor,artistic gymnastics,female,bronze
Yang Yilin,artistic gymnastics,female,bronze
Filip Ude,artistic gymnastics,male,silver
Gervasio Deferr,artistic gymnastics,male,silver
Hiroyuki Tomita,artistic gymnastics,male,silver
Koki Sakamoto,artistic gymnastics,male,silver
Kōhei Uchimura,artistic gymnastics,male,silver
Makoto Okiguchi,artistic gymnastics,male,silver
Takehiro Kashima,artistic gymnastics,male,silver
Takuya Nakase,artistic gymnastics,male,silver
Thomas Bouhail,artistic gymnastics,male,silver
Yoo Won-chul,artistic gymnastics,male,silver
Alicia Sacramone,artistic gymnastics,female,silver
Bridget Sloan,artistic gymnastics,female,silver
Chellsie Memmel,artistic gymnastics,female,silver
Oksana Chusovitina,artistic gymnastics,female,silver
Samantha Peszek,artistic gymnastics,female,silver
Shawn Johnson East,artistic gymnastics,female,silver
Chen Yibing,artistic gymnastics,male,gold
Huang Xu,artistic gymnastics,male,gold
Leszek Blanik,artistic gymnastics,male,gold
Li Xiaopeng,artistic gymnastics,male,gold
Xiao Qin,artistic gymnastics,male,gold
Yang Wei,artistic gymnastics,male,gold
Zou Kai,artistic gymnastics,male,gold
Cheng Fei,artistic gymnastics,female,gold
Deng Linlin,artistic gymnastics,female,gold
He Kexin,artistic gymnastics,female,gold
Hong Un-jong,artistic gymnastics,female,gold
Jiang Yuyuan,artistic gymnastics,female,gold
Li Shanshan,artistic gymnastics,female,gold
Nastia Liukin,artistic gymnastics,female,gold
Alex Sandro da Silva,association football,male,bronze
Alexandre Pato,association football,male,bronze
Anderson,association football,male,bronze
Breno Borges,association football,male,bronze
Diego Alves,association football,male,bronze
Diego Ribas da Cunha,association football,male,bronze
Hernanes,association football,male,bronze
Ilsinho,association football,male,bronze
Jô,association football,male,bronze
Lucas Leiva,association football,male,bronze
Marcel,association football,male,bronze
Rafael Sóbis,association football,male,bronze
Rafinha,association football,male,bronze
Ramires,association football,male,bronze
Renan Brito Soares,association football,male,bronze
Ronaldinho,association football,male,bronze
Thiago Neves,association football,male,bronze
Thiago Silva,association football,male,bronze
Anja Mittag,association football,female,bronze
Annike Krahn,association football,female,bronze
Ariane Hingst,association football,female,bronze
Babett Peter,association football,female,bronze
Birgit Prinz,association football,female,bronze
Conny Pohlers,association football,female,bronze
Célia Šašić,association football,female,bronze
Fatmire Alushi,association football,female,bronze
Kerstin Garefrekes,association football,female,bronze
Kerstin Stegemann,association football,female,bronze
Linda Bresonik,association football,female,bronze
Melanie Behringer,association football,female,bronze
Nadine Angerer,association football,female,bronze
Renate Lingor,association football,female,bronze
Sandra Smisek,association football,female,bronze
Saskia Bartusiak,association football,female,bronze
Simone Laudehr,association football,female,bronze
Ursula Holl,association football,female,bronze
Ambruse Vanzekin,association football,male,silver
Chibuzor Okonkwo,association football,male,silver
Chinedu Obasi,association football,male,silver
Dele Adeleye,association football,male,silver
Efe Ambrose,association football,male,silver
Emmanuel Ekpo,association football,male,silver
Ikechukwu Ezenwa,association football,male,silver
Isaac Promise,association football,male,silver
Monday James,association football,male,silver
Oladapo Olufemi,association football,male,silver
Olubayo Adefemi,association football,male,silver
Oluwafemi Ajilore,association football,male,silver
Onyekachi Apam,association football,male,silver
Peter Odemwingie,association football,male,silver
Sani Kaita,association football,male,silver
Solomon Okoronkwo,association football,male,silver
Victor Anichebe,association football,male,silver
Victor Obinna,association football,male,silver
Andréia Rosa,association football,female,silver
Andréia Suntaque,association football,female,silver
Bárbara Micheline do Monte Barbosa,association football,female,silver
Cristiane Rozeira,association football,female,silver
Daniela Alves Lima,association football,female,silver
Ester,association football,female,silver
Fabiana Simões,association football,female,silver
Formiga,association football,female,silver
Francielle,association football,female,silver
Marta,association football,female,silver
Maurine Dornelles Gonçalves,association football,female,silver
Maycon,association football,female,silver
Pretinha,association football,female,silver
Renata Costa,association football,female,silver
Rosana dos Santos Augusto,association football,female,silver
Simone Gomes Jatobá,association football,female,silver
Tânia Maria Pereira Ribeiro,association football,female,silver
Érika Cristiano dos Santos,association football,female,silver
Diego Buonanotte,association football,male,gold
Ezequiel Garay,association football,male,gold
Ezequiel Lavezzi,association football,male,gold
Federico Fazio,association football,male,gold
Fernando Gago,association football,male,gold
Javier Mascherano,association football,male,gold
José Sosa,association football,male,gold
Juan Román Riquelme,association football,male,gold
Lautaro Acosta,association football,male,gold
Lionel Messi,association football,male,gold
Luciano Fabián Monzón,association football,male,gold
Nicolás Navarro,association football,male,gold
Nicolás Pareja,association football,male,gold
Oscar Ustari,association football,male,gold
Pablo Zabaleta,association football,male,gold
Sergio Agüero,association football,male,gold
Sergio Romero,association football,male,gold
Ángel Di María,association football,male,gold
Éver Banega,association football,male,gold
Aly Wagner,association football,female,gold
Amy Rodriguez,association football,female,gold
Angela Hucles,association football,female,gold
Carli Lloyd,association football,female,gold
Christie Pearce,association football,female,gold
Heather Mitts,association football,female,gold
Heather O'Reilly,association football,female,gold
Hope Solo,association football,female,gold
Kate Markgraf,association football,female,gold
Lauren Holiday,association football,female,gold
Lindsay Tarpley,association football,female,gold
Lori Chalupny,association football,female,gold
Natasha Kai,association football,female,gold
Nicole Barnhart,association football,female,gold
Rachel van Hollebeke,association football,female,gold
Shannon Boxx,association football,female,gold
Stephanie Cox,association football,female,gold
Tobin Heath,association football,female,gold
Alfred Kirwa Yego,athletics,male,bronze
Andrew Steele,athletics,male,bronze
Bershawn Jackson,athletics,male,bronze
Bruno de Barros,athletics,male,bronze
David Neville,athletics,male,bronze
David Oliver,athletics,male,bronze
Denis Nizhegorodov,athletics,male,bronze
Derek Miles,athletics,male,bronze
Dylan Armstrong,athletics,male,bronze
Edwin Soi,athletics,male,bronze
Ibrahim Camejo,athletics,male,bronze
Ivan Tsikhan,athletics,male,bronze
Jared Tallent,athletics,male,bronze
José Carlos Moreira,athletics,male,bronze
Leevan Sands,athletics,male,bronze
Leonel Suárez,athletics,male,bronze
Martyn Rooney,athletics,male,bronze
Mehdi Baala,athletics,male,bronze
Micah Kogo,athletics,male,bronze
Michael Bingham,athletics,male,bronze
Richard Mateelong,athletics,male,bronze
Robert Tobin,athletics,male,bronze
Sandro Viana,athletics,male,bronze
Tero Pitkämäki,athletics,male,bronze
Tsegaye Kebede,athletics,male,bronze
Vicente de Lima,athletics,male,bronze
Virgilijus Alekna,athletics,male,bronze
Walter Dix,athletics,male,bronze
Yaroslav Rybakov,athletics,male,bronze
Anna Chicherova,athletics,female,bronze
Chelsea Hammond,athletics,female,bronze
Christina Obergföll,athletics,female,bronze
Elisa Rigaudo,athletics,female,bronze
Gong Lijiao,athletics,female,bronze
Hasna Benhassi,athletics,female,bronze
Kelly Sotherton,athletics,female,bronze
Kerron Stewart,athletics,female,bronze
Linet Masai,athletics,female,bronze
Lucimar de Moura,athletics,female,bronze
Manuela Montebrun,athletics,female,bronze
Marilyn Okoro,athletics,female,bronze
Nataliya Tobias,athletics,female,bronze
Nicola Sanders,athletics,female,bronze
Priscilla Lopes-Schliep,athletics,female,bronze
Rosemar Coelho Neto,athletics,female,bronze
Rosângela Santos,athletics,female,bronze
Sanya Richards-Ross,athletics,female,bronze
Song Aimin,athletics,female,bronze
Svetlana Feofanova,athletics,female,bronze
Sylvia Jebiwott Kibet,athletics,female,bronze
Tasha Danvers,athletics,female,bronze
Tatyana Chernova,athletics,female,bronze
Thaissa Presti,athletics,female,bronze
Yekaterina Volkova,athletics,female,bronze
Zhou Chunxiu,athletics,female,bronze
Ainārs Kovals,athletics,male,silver
Andrae Williams,athletics,male,silver
Andrei Krauchanka,athletics,male,silver
Andretti Bain,athletics,male,silver
Avard Moncur,athletics,male,silver
Chris Brown,athletics,male,silver
Christian Cantwell,athletics,male,silver
David Payne,athletics,male,silver
Eliud Kipchoge,athletics,male,silver
Germaine Mason,athletics,male,silver
Godfrey Khotso Mokoena,athletics,male,silver
Ismail Ahmed Ismail,athletics,male,silver
Jaouad Gharib,athletics,male,silver
Jefferson Pérez,athletics,male,silver
Jeremy Wariner,athletics,male,silver
Kerron Clement,athletics,male,silver
Mahiedine Mekhissi-Benabbad,athletics,male,silver
Michael Mathieu,athletics,male,silver
Naoki Tsukahara,athletics,male,silver
Nick Willis,athletics,male,silver
Nobuharu Asahara,athletics,male,silver
Phillips Idowu,athletics,male,silver
Piotr Małachowski,athletics,male,silver
Ramon Miller,athletics,male,silver
Richard Thompson,athletics,male,silver
Shawn Crawford,athletics,male,silver
Shingo Suetsugu,athletics,male,silver
Shinji Takahira,athletics,male,silver
Sileshi Sihine,athletics,male,silver
Vadim Devyatovskiy,athletics,male,silver
Yevgeny Lukyanenko,athletics,male,silver
Agnes Osazuwa,athletics,female,silver
Allyson Felix,athletics,female,silver
Blanka Vlašić,athletics,female,silver
Blessing Okagbare,athletics,female,silver
Bobby-Gaye Wilkins,athletics,female,silver
Catherine Ndereba,athletics,female,silver
Ene Franca Idoko,athletics,female,silver
Eunice Jepkorir,athletics,female,silver
Gloria Kemasuode,athletics,female,silver
Halimat Ismaila,athletics,female,silver
Hyleas Fountain,athletics,female,silver
Iryna Lishchynska,athletics,female,silver
Janeth Jepkosgei,athletics,female,silver
Jennifer Suhr,athletics,female,silver
Kjersti Plätzer,athletics,female,silver
Mariya Abakumova,athletics,female,silver
Meseret Defar,athletics,female,silver
Novlene Williams-Mills,athletics,female,silver
Olena Antonova,athletics,female,silver
Oludamola Osayomi,athletics,female,silver
Rosemarie Whyte,athletics,female,silver
Sally Pearson,athletics,female,silver
Shalane Flanagan,athletics,female,silver
Sheena Tosta,athletics,female,silver
Shereefa Lloyd,athletics,female,silver
Shericka Williams,athletics,female,silver
Sherone Simpson,athletics,female,silver
Zhang Wenxiu,athletics,female,silver
Aaron Armstrong,athletics,male,gold
Alex Schwazer,athletics,male,gold
Andreas Thorkildsen,athletics,male,gold
Andrey Silnov,athletics,male,gold
Angelo Taylor,athletics,male,gold
Asbel Kiprop,athletics,male,gold
Brimin Kipruto,athletics,male,gold
Bryan Clay,athletics,male,gold
Dayron Robles,athletics,male,gold
Emmanuel Callender,athletics,male,gold
Gerd Kanter,athletics,male,gold
Irving Saladino,athletics,male,gold
Kenenisa Bekele,athletics,male,gold
Keston Bledman,athletics,male,gold
LaShawn Merritt,athletics,male,gold
Marc Burns,athletics,male,gold
Nelson Évora,athletics,male,gold
Primož Kozmus,athletics,male,gold
Reggie Witherspoon,athletics,male,gold
Samuel Wanjiru,athletics,male,gold
Steve Hooker,athletics,male,gold
Tomasz Majewski,athletics,male,gold
Usain Bolt,athletics,male,gold
Valeriy Borchin,athletics,male,gold
Wilfred Bungei,athletics,male,gold
Barbora Špotáková,athletics,female,gold
Christine Ohuruogu,athletics,female,gold
Constantina Diță,athletics,female,gold
Dawn Harper-Nelson,athletics,female,gold
Françoise Mbango Etone,athletics,female,gold
Gölnara Galkina-Sämitevä,athletics,female,gold
Hanna Mariën,athletics,female,gold
Kim Gevaert,athletics,female,gold
Mary Wineberg,athletics,female,gold
Maurren Maggi,athletics,female,gold
Melaine Walker,athletics,female,gold
Monique Henderson,athletics,female,gold
Nancy Langat,athletics,female,gold
Nataliya Dobrynska,athletics,female,gold
Natasha Hastings,athletics,female,gold
Olga Kaniskina,athletics,female,gold
Olivia Borlée,athletics,female,gold
Pamela Jelimo,athletics,female,gold
Shelly-Ann Fraser-Pryce,athletics,female,gold
Stephanie Brown Trafton,athletics,female,gold
Tia Hellebaut,athletics,female,gold
Tirunesh Dibaba,athletics,female,gold
Valerie Adams,athletics,female,gold
Veronica Campbell-Brown,athletics,female,gold
Yelena Isinbayeva,athletics,female,gold
Yipsi Moreno,athletics,female,gold
Élodie Ouédraogo,athletics,female,gold
Chen Jin,badminton,male,bronze
He Hanbin,badminton,male,bronze
Hwang Ji-man,badminton,male,bronze
Lee Jae-jin,badminton,male,bronze
Maria Kristin Yulianti,badminton,female,bronze
Wei Yili,badminton,female,bronze
Zhang Yawen,badminton,female,bronze
Cai Yun,badminton,male,silver
Fu Haifeng,badminton,male,silver
Lee Chong Wei,badminton,male,silver
Nova Widianto,badminton,male,silver
Lee Hyo-jung,badminton,female,silver
Lee Kyung-won,badminton,female,silver
Liliyana Natsir,badminton,female,silver
Xie Xingfang,badminton,female,silver
Hendra Setiawan,badminton,male,gold
Lee Yong-dae,badminton,male,gold
Lin Dan,badminton,male,gold
Markis Kido,badminton,male,gold
Du Jing,badminton,female,gold
Yu Yang,badminton,female,gold
Zhang Ning,badminton,female,gold
Blaine Neal,baseball,male,bronze
Brandon Knight,baseball,male,bronze
Brett Anderson,baseball,male,bronze
Brian Barden,baseball,male,bronze
Brian Duensing,baseball,male,bronze
Casey Weathers,baseball,male,bronze
Dexter Fowler,baseball,male,bronze
Jake Arrieta,baseball,male,bronze
Jason Donald,baseball,male,bronze
Jayson Nix,baseball,male,bronze
Jeff Stevens,baseball,male,bronze
Jeremy Cummings,baseball,male,bronze
John Gall,baseball,male,bronze
Kevin Jepsen,baseball,male,bronze
Lou Marson,baseball,male,bronze
Matt LaPorta,baseball,male,bronze
Matthew Brown,baseball,male,bronze
Mike Hessman,baseball,male,bronze
Mike Koplove,baseball,male,bronze
Nate Schierholtz,baseball,male,bronze
Stephen Strasburg,baseball,male,bronze
Taylor Teagarden,baseball,male,bronze
Terry Tiffee,baseball,male,bronze
Trevor Cahill,baseball,male,bronze
Adiel Palma,baseball,male,silver
Alexander Malleta,baseball,male,silver
Alexei Bell,baseball,male,silver
Alfredo Despaigne,baseball,male,silver
Ariel Pestano,baseball,male,silver
Eduardo Paret,baseball,male,silver
Elier Sánchez,baseball,male,silver
Eriel Sánchez,baseball,male,silver
Frederich Cepeda,baseball,male,silver
Giorvis Duvergel,baseball,male,silver
Héctor Olivera,baseball,male,silver
Jonder Martínez,baseball,male,silver
Luis Miguel Navas,baseball,male,silver
Luis Miguel Rodríguez,baseball,male,silver
Michel Enríquez,baseball,male,silver
Miguel Lahera,baseball,male,silver
Norberto González,baseball,male,silver
Norge Luis Vera,baseball,male,silver
Pedro Luis Lazo,baseball,male,silver
Rolando Meriño,baseball,male,silver
Vicyohandri Odelín,baseball,male,silver
Yadier Pedroso,baseball,male,silver
Yoandry Urgellés,baseball,male,silver
Yulieski Gurriel,baseball,male,silver
Bong Jung-keun,baseball,male,gold
Chong Tae-hyon,baseball,male,gold
Han Ki-joo,baseball,male,gold
Hyun-jin Ryu,baseball,male,gold
Jang Won-sam,baseball,male,gold
Jeong Keun-woo,baseball,male,gold
Jin Kab-yong,baseball,male,gold
Kang Min-ho,baseball,male,gold
Kim Dong-ju,baseball,male,gold
Kim Hyun-soo,baseball,male,gold
Kim Kwang-hyun,baseball,male,gold
Kim Min-jae,baseball,male,gold
Ko Young-min,baseball,male,gold
Kwon Hyuk,baseball,male,gold
Lee Dae-ho,baseball,male,gold
Lee Jin-young,baseball,male,gold
Lee Jong-wook,baseball,male,gold
Lee Seung-yuop,baseball,male,gold
Lee Taek-keun,baseball,male,gold
Lee Yong-kyu,baseball,male,gold
Oh Seung-hwan,baseball,male,gold
Park Jin-man,baseball,male,gold
Song Seung-jun,baseball,male,gold
Yoon Suk-min,baseball,male,gold
Andrés Nocioni,basketball,male,bronze
Antonio Porta,basketball,male,bronze
Carlos Delfino,basketball,male,bronze
Fabricio Oberto,basketball,male,bronze
Federico Kammerichs,basketball,male,bronze
Juan Pedro Gutiérrez,basketball,male,bronze
Leonardo Gutiérrez,basketball,male,bronze
Luis Scola,basketball,male,bronze
Manu Ginóbili,basketball,male,bronze
Pablo Prigioni,basketball,male,bronze
Paolo Quinteros,basketball,male,bronze
Román González,basketball,male,bronze
Becky Hammon,basketball,female,bronze
Ilona Korstin,basketball,female,bronze
Irina Osipova,basketball,female,bronze
Irina Sokolovskaya,basketball,female,bronze
Maria Stepanova,basketball,female,bronze
Marina Karpunina,basketball,female,bronze
Marina Kuzina,basketball,female,bronze
Natalia Vodopyanova,basketball,female,bronze
Oxana Rakhmatulina,basketball,female,bronze
Svetlana Abrosimova,basketball,female,bronze
Tatiana Shchegoleva,basketball,female,bronze
Yekaterina Lisina,basketball,female,bronze
Berni Rodríguez,basketball,male,silver
Carlos Jiménez,basketball,male,silver
Felipe Reyes,basketball,male,silver
Jorge Garbajosa,basketball,male,silver
José Calderón,basketball,male,silver
Juan Carlos Navarro,basketball,male,silver
Marc Gasol,basketball,male,silver
Pau Gasol,basketball,male,silver
Raül López,basketball,male,silver
Ricky Rubio,basketball,male,silver
Rudy Fernández,basketball,male,silver
Álex Mumbrú,basketball,male,silver
Belinda Snell,basketball,female,silver
Emma Randall,basketball,female,silver
Erin Phillips,basketball,female,silver
Hollie Grima,basketball,female,silver
Jenni Screen,basketball,female,silver
Kristi Harrower,basketball,female,silver
Laura Summerton,basketball,female,silver
Lauren Jackson,basketball,female,silver
Penny Taylor,basketball,female,silver
Rohanee Cox,basketball,female,silver
Suzy Batkovic,basketball,female,silver
Tully Bevilaqua,basketball,female,silver
Carlos Boozer,basketball,male,gold
Carmelo Anthony,basketball,male,gold
Chris Bosh,basketball,male,gold
Chris Paul,basketball,male,gold
Dwight Howard,basketball,male,gold
Dwyane Wade,basketball,male,gold
Jason Kidd,basketball,male,gold
Kobe Bryant,basketball,male,gold
LeBron James,basketball,male,gold
Michael Redd,basketball,male,gold
Tayshaun Prince,basketball,male,gold
Candace Parker,basketball,female,gold
Cappie Pondexter,basketball,female,gold
DeLisha Milton-Jones,basketball,female,gold
Diana Taurasi,basketball,female,gold
Kara Lawson,basketball,female,gold
Katie Smith,basketball,female,gold
Lisa Leslie,basketball,female,gold
Seimone Augustus,basketball,female,gold
Sue Bird,basketball,female,gold
Sylvia Fowles,basketball,female,gold
Tamika Catchings,basketball,female,gold
Tina Thompson,basketball,female,gold
Emanuel Rego,beach volleyball,male,bronze
Ricardo Santos,beach volleyball,male,bronze
Xue Chen,beach volleyball,female,bronze
Zhang Xi,beach volleyball,female,bronze
Fábio Luiz Magalhães,beach volleyball,male,silver
Márcio Araújo,beach volleyball,male,silver
Tian Jia,beach volleyball,female,silver
Wang Jie,beach volleyball,female,silver
Phil Dalhausser,beach volleyball,male,gold
Todd Rogers,beach volleyball,male,gold
Kerri Walsh Jennings,beach volleyball,female,gold
Misty May-Treanor,beach volleyball,female,gold
Donny Robinson,bmx,male,bronze
Jill Kintner,bmx,female,bronze
Mike Day,bmx,male,silver
Laëtitia Le Corguillé,bmx,female,silver
Māris Štrombergs,bmx,male,gold
Anne-Caroline Chausson,bmx,female,gold
Alexis Vastine,boxing,male,bronze
Bruno Julie,boxing,male,bronze
Darren Sutherland,boxing,male,bronze
David Price,boxing,male,bronze
Deontay Wilder,boxing,male,bronze
Georgy Balakshin,boxing,male,bronze
Hrachik Javakhyan,boxing,male,bronze
Kanat Islam,boxing,male,bronze
Kim Jung-joo,boxing,male,bronze
Matthew Luu,boxing,male,bronze
Osmay Acosta,boxing,male,bronze
Paddy Barnes,boxing,male,bronze
Roniel Iglesias,boxing,male,bronze
Shahin Imranov,boxing,male,bronze
Tony Jeffries,boxing,male,bronze
Veaceslav Gojan,boxing,male,bronze
Vijender Singh,boxing,male,bronze
Vincenzo Picardi,boxing,male,bronze
Yakup Kılıç,boxing,male,bronze
Yampier Hernández,boxing,male,bronze
Yerkebulan Shynaliyev,boxing,male,bronze
Yordenis Ugás,boxing,male,bronze
Andry Laffita,boxing,male,silver
Carlos Banteux,boxing,male,silver
Clemente Russo,boxing,male,silver
Daouda Sow,boxing,male,silver
Emilio Correa,boxing,male,silver
Kenny Egan,boxing,male,silver
Khedafi Djelkhir,boxing,male,silver
Manus Boonjumnong,boxing,male,silver
Pürevdorjiin Serdamba,boxing,male,silver
Yankiel León,boxing,male,silver
Zhang Zhilei,boxing,male,silver
Aleksei Tishchenko,boxing,male,gold
Bakhyt Sarsekbayev,boxing,male,gold
Enkhbatyn Badar-Uugan,boxing,male,gold
James DeGale,boxing,male,gold
Manuel Félix Díaz,boxing,male,gold
Rakhim Chakhkiyev,boxing,male,gold
Roberto Cammarelle,boxing,male,gold
Somjit Jongjohor,boxing,male,gold
Vasyl Lomachenko,boxing,male,gold
Zhang Xiaoping,boxing,male,gold
Zou Shiming,boxing,male,gold
Andrea Facchin,canoeing and kayaking,male,bronze
Antonio Scaduto,canoeing and kayaking,male,bronze
Benjamin Boukpeti,canoeing and kayaking,male,bronze
Björn Goldschmidt,canoeing and kayaking,male,bronze
Christian Gille,canoeing and kayaking,male,bronze
Dmitry Larionov,canoeing and kayaking,male,bronze
György Kozmann,canoeing and kayaking,male,bronze
Lutz Altepost,canoeing and kayaking,male,bronze
Mikhail Kuznetsov,canoeing and kayaking,male,bronze
Norman Bröckl,canoeing and kayaking,male,bronze
Raman Pietrushenka,canoeing and kayaking,male,bronze
Robin Bell,canoeing and kayaking,male,bronze
Tamás Kiss,canoeing and kayaking,male,bronze
Thomas Hall,canoeing and kayaking,male,bronze
Tim Brabants,canoeing and kayaking,male,bronze
Tomasz Wylenzek,canoeing and kayaking,male,bronze
Torsten Eckbrett,canoeing and kayaking,male,bronze
Vadzim Makhneu,canoeing and kayaking,male,bronze
Yuriy Cheban,canoeing and kayaking,male,bronze
Anne-Laure Viard,canoeing and kayaking,female,bronze
Chantal Meek,canoeing and kayaking,female,bronze
Hannah Davis,canoeing and kayaking,female,bronze
Katrin Wagner-Augustin,canoeing and kayaking,female,bronze
Lisa Oldenhof,canoeing and kayaking,female,bronze
Lyndsie Fogarty,canoeing and kayaking,female,bronze
Marie Delattre,canoeing and kayaking,female,bronze
Violetta Oblinger-Peters,canoeing and kayaking,female,bronze
Adam van Koeverden,canoeing and kayaking,male,silver
Aleksandr Kostoglod,canoeing and kayaking,male,silver
David Cal,canoeing and kayaking,male,silver
David Florence,canoeing and kayaking,male,silver
Eirik Verås Larsen,canoeing and kayaking,male,silver
Erik Vlček,canoeing and kayaking,male,silver
Fabien Lefèvre,canoeing and kayaking,male,silver
Jaroslav Volf,canoeing and kayaking,male,silver
Juraj Tarr,canoeing and kayaking,male,silver
Kim Wraae Knudsen,canoeing and kayaking,male,silver
Michal Riszdorfer,canoeing and kayaking,male,silver
Ondřej Štěpánek,canoeing and kayaking,male,silver
René Holten Poulsen,canoeing and kayaking,male,silver
Richard Riszdorfer,canoeing and kayaking,male,silver
Ronald Rauhe,canoeing and kayaking,male,silver
Sergey Ulegin,canoeing and kayaking,male,silver
Tim Wieskötter,canoeing and kayaking,male,silver
Aneta Konieczna,canoeing and kayaking,female,silver
Beata Mikołajczyk,canoeing and kayaking,female,silver
Danuta Kozák,canoeing and kayaking,female,silver
Gabriella Szabó,canoeing and kayaking,female,silver
Jacqueline Lawrence,canoeing and kayaking,female,silver
Josefa Idem,canoeing and kayaking,female,silver
Alexander Grimm,canoeing and kayaking,male,gold
Aliaksandr Bahdanovich,canoeing and kayaking,male,gold
Aliaksei Abalmasau,canoeing and kayaking,male,gold
Andreas Ihle,canoeing and kayaking,male,gold
Andrei Bahdanovich,canoeing and kayaking,male,gold
Artur Litvinchuk,canoeing and kayaking,male,gold
Attila Vajda,canoeing and kayaking,male,gold
Carlos Pérez Rial,canoeing and kayaking,male,gold
Ken Wallace,canoeing and kayaking,male,gold
Martin Hollstein,canoeing and kayaking,male,gold
Maxim Opalev,canoeing and kayaking,male,gold
Meng Guanliang,canoeing and kayaking,male,gold
Michal Martikán,canoeing and kayaking,male,gold
Pavol Hochschorner,canoeing and kayaking,male,gold
Peter Hochschorner,canoeing and kayaking,male,gold
Saúl Craviotto,canoeing and kayaking,male,gold
Yang Wenjun,canoeing and kayaking,male,gold
Conny Waßmuth,canoeing and kayaking,female,gold
Elena Kaliská,canoeing and kayaking,female,gold
Fanny Fischer,canoeing and kayaking,female,gold
Inna Osypenko-Radomska,canoeing and kayaking,female,gold
Katalin Kovács,canoeing and kayaking,female,gold
Natasa Dusev-Janics,canoeing and kayaking,female,gold
Nicole Reinhardt,canoeing and kayaking,female,gold
Dmitriy Dobroskok,diving,male,bronze
Gleb Galperin,diving,male,bronze
Illya Kvasha,diving,male,bronze
Oleksiy Pryhorov,diving,male,bronze
Qin Kai,diving,male,bronze
Ditte Kotzian,diving,female,bronze
Heike Fischer,diving,female,bronze
Paola Espinosa,diving,female,bronze
Tatiana Ortiz,diving,female,bronze
Wang Xin,diving,female,bronze
Wu Minxia,diving,female,bronze
Alexandre Despatie,diving,male,silver
Dmitri Sautin,diving,male,silver
Patrick Hausding,diving,male,silver
Sascha Klein,diving,male,silver
Yuriy Kunakov,diving,male,silver
Zhou Lüxin,diving,male,silver
Anastasia Pozdniakova,diving,female,silver
Briony Cole,diving,female,silver
Melissa Wu,diving,female,silver
Yuliya Pakhalina,diving,female,silver
Émilie Heymans,diving,female,silver
He Chong,diving,male,gold
Huo Liang,diving,male,gold
Lin Yue,diving,male,gold
Matthew Mitcham,diving,male,gold
Wang Feng,diving,male,gold
Chen Ruolin,diving,female,gold
Guo Jingjing,diving,female,gold
Anne van Olst,equestrian sport,female,bronze
Beezie Madden,equestrian sport,female,bronze
Christina Liebherr,equestrian sport,female,bronze
Daisy Dick,equestrian sport,female,bronze
Heike Kemmer,equestrian sport,female,bronze
Kristina Cook,equestrian sport,female,bronze
Mary King,equestrian sport,female,bronze
Princess Nathalie of Sayn-Wittgenstein-Berleburg,equestrian sport,female,bronze
Sharon Hunt,equestrian sport,female,bronze
Andreas Helgstrand,equestrian sport,male,bronze
Niklaus Schurtenberger,equestrian sport,male,bronze
Pius Schwizer,equestrian sport,male,bronze
Steve Guerdat,equestrian sport,male,bronze
William Fox-Pitt,equestrian sport,male,bronze
Gina Miles,equestrian sport,female,silver
Imke Bartels,equestrian sport,female,silver
Isabell Werth,equestrian sport,female,silver
Jill Henselwood,equestrian sport,female,silver
Lucinda Fredericks,equestrian sport,female,silver
Megan Jones,equestrian sport,female,silver
Sonja Johnson,equestrian sport,female,silver
Clayton Fredericks,equestrian sport,male,silver
Hans Peter Minderhoud,equestrian sport,male,silver
Ian Millar,equestrian sport,male,silver
Mac Cone,equestrian sport,male,silver
Rolf-Göran Bengtsson,equestrian sport,male,silver
Shane Rose,equestrian sport,male,silver
Anky van Grunsven,equestrian sport,female,gold
Ingrid Klimke,equestrian sport,female,gold
Laura Kraut,equestrian sport,female,gold
Nadine Capellmann,equestrian sport,female,gold
Andreas Dibowski,equestrian sport,male,gold
Eric Lamaze,equestrian sport,male,gold
Frank Ostholt,equestrian sport,male,gold
Hinrich Romeike,equestrian sport,male,gold
McLain Ward,equestrian sport,male,gold
Peter Thomsen,equestrian sport,male,gold
Will Simpson,equestrian sport,male,gold
Aldo Montano,fencing,male,bronze
Alfredo Rota,fencing,male,bronze
Diego Confalonieri,fencing,male,bronze
Diego Occhiuzzi,fencing,male,bronze
Gianpiero Pastore,fencing,male,bronze
José Luis Abajo,fencing,male,bronze
Luigi Tarantino,fencing,male,bronze
Mihai Covaliu,fencing,male,bronze
Salvatore Sanzo,fencing,male,bronze
Stefano Carozzo,fencing,male,bronze
Giovanna Trillini,fencing,female,bronze
Ilaria Salvatori,fencing,female,bronze
Ildikó Mincza-Nébald,fencing,female,bronze
Margherita Granbassi,fencing,female,bronze
Rebecca Ward,fencing,female,bronze
Adam Wiercioch,fencing,male,silver
Fabrice Jeannet,fencing,male,silver
James Leighman Williams,fencing,male,silver
Jason Rogers,fencing,male,silver
Keeth Smart,fencing,male,silver
Nicolas Lopez,fencing,male,silver
Radosław Zawrotniak,fencing,male,silver
Robert Andrzejuk,fencing,male,silver
Tim Morehouse,fencing,male,silver
Tomasz Motyka,fencing,male,silver
Yūki Ōta,fencing,male,silver
Ana Maria Popescu,fencing,female,silver
Bao Yingying,fencing,female,silver
Emily Cross,fencing,female,silver
Erinn Smart,fencing,female,silver
Hanna Thompson,fencing,female,silver
Huang Haiyang,fencing,female,silver
Nam Hyun-Hee,fencing,female,silver
Ni Hong,fencing,female,silver
Sada Jacobson,fencing,female,silver
Tan Xue,fencing,female,silver
Benjamin Kleibrink,fencing,male,gold
Boris Sanson,fencing,male,gold
Julien Pillet,fencing,male,gold
Jérôme Jeannet,fencing,male,gold
Matteo Tagliariol,fencing,male,gold
Ulrich Robeiri,fencing,male,gold
Zhong Man,fencing,male,gold
Aida Shanayeva,fencing,female,gold
Britta Heidemann,fencing,female,gold
Halyna Pundyk,fencing,female,gold
Mariel Zagunis,fencing,female,gold
Olena Khomrova,fencing,female,gold
Olha Kharlan,fencing,female,gold
Olha Zhovnir,fencing,female,gold
Svetlana Boiko,fencing,female,gold
Valentina Vezzali,fencing,female,gold
Viktoria Nikishina,fencing,female,gold
Yevgeniya Lamonova,fencing,female,gold
Andrew Smith,field hockey,male,bronze
Bevan George,field hockey,male,bronze
David Guest,field hockey,male,bronze
Des Abbott,field hockey,male,bronze
Eddie Ockenden,field hockey,male,bronze
Eli Matheson,field hockey,male,bronze
Fergus Kavanagh,field hockey,male,bronze
Grant Schubert,field hockey,male,bronze
Jamie Dwyer,field hockey,male,bronze
Kiel Brown,field hockey,male,bronze
Liam de Young,field hockey,male,bronze
Luke Doerner,field hockey,male,bronze
Mark Knowles,field hockey,male,bronze
Matthew Wells,field hockey,male,bronze
Robert Hammond,field hockey,male,bronze
Stephen Lambert,field hockey,male,bronze
Travis Brooks,field hockey,male,bronze
Alejandra Gulla,field hockey,female,bronze
Belén Succi,field hockey,female,bronze
Carla Rebecchi,field hockey,female,bronze
Claudia Burkart,field hockey,female,bronze
Giselle Kañevsky,field hockey,female,bronze
Luciana Aymar,field hockey,female,bronze
Magdalena Aicega,field hockey,female,bronze
Mariana González Oliva,field hockey,female,bronze
Mariana Rossi,field hockey,female,bronze
Mariné Russo,field hockey,female,bronze
María de la Paz Hernández,field hockey,female,bronze
Mercedes Margalot,field hockey,female,bronze
Noel Barrionuevo,field hockey,female,bronze
Paola Vukojicic,field hockey,female,bronze
Rosario Luchetti,field hockey,female,bronze
Soledad García,field hockey,female,bronze
Albert Sala,field hockey,male,silver
Alex Fàbregas,field hockey,male,silver
David Alegre,field hockey,male,silver
Eduard Arbós,field hockey,male,silver
Eduard Tubau,field hockey,male,silver
Francisco Cortés,field hockey,male,silver
Francisco Fábregas Monegal,field hockey,male,silver
Juan Fernández La Villa,field hockey,male,silver
Pol Amat,field hockey,male,silver
Ramón Alegre,field hockey,male,silver
Roc Oliva,field hockey,male,silver
Rodrigo Garza,field hockey,male,silver
Santi Freixa,field hockey,male,silver
Sergi Enrique,field hockey,male,silver
Víctor Sojo,field hockey,male,silver
Xavier Ribas,field hockey,male,silver
Chen Qiuqi,field hockey,female,silver
Chen Zhaoxia,field hockey,female,silver
Cheng Hui,field hockey,female,silver
Fu Baorong,field hockey,female,silver
Gao Lihua,field hockey,female,silver
Huang Junxia,field hockey,female,silver
Li Hongxia,field hockey,female,silver
Li Shuang,field hockey,female,silver
Ma Yibo,field hockey,female,silver
Pan Fengzhen,field hockey,female,silver
Ren Ye,field hockey,female,silver
Song Qingling,field hockey,female,silver
Tang Chunling,field hockey,female,silver
Zhang Yimeng,field hockey,female,silver
Zhao Yudiao,field hockey,female,silver
Zhou Wanfeng,field hockey,female,silver
Benjamin Weß,field hockey,male,gold
Carlos Nevado,field hockey,male,gold
Christopher Zeller,field hockey,male,gold
Florian Keller,field hockey,male,gold
Jan-Marco Montag,field hockey,male,gold
Matthias Witthaus,field hockey,male,gold
Max Weinhold,field hockey,male,gold
Maximilian Müller,field hockey,male,gold
Moritz Fürste,field hockey,male,gold
Niklas Meinert,field hockey,male,gold
Oliver Korn,field hockey,male,gold
Philip Witte,field hockey,male,gold
Philipp Zeller,field hockey,male,gold
Sebastian Biederlack,field hockey,male,gold
Tibor Weißenborn,field hockey,male,gold
Timo Weß,field hockey,male,gold
Tobias Hauke,field hockey,male,gold
Eefke Mulder,field hockey,female,gold
Ellen Hoog,field hockey,female,gold
Eva de Goede,field hockey,female,gold
Fatima Moreira de Melo,field hockey,female,gold
Janneke Schopman,field hockey,female,gold
Lidewij Welten,field hockey,female,gold
Lisanne de Roever,field hockey,female,gold
Maartje Goderie,field hockey,female,gold
Maartje Paumen,field hockey,female,gold
Marilyn Agliotti,field hockey,female,gold
Miek van Geenhuizen,field hockey,female,gold
Minke Booij,field hockey,female,gold
Minke Smeets,field hockey,female,gold
Naomi van As,field hockey,female,gold
Sophie Polkamp,field hockey,female,gold
Wieke Dijkstra,field hockey,female,gold
Bazar Bazarguruev,freestyle wrestling,male,bronze
Besik Kudukhov,freestyle wrestling,male,bronze
Disney Rodríguez,freestyle wrestling,male,bronze
Georgy Ketoyev,freestyle wrestling,male,bronze
Gheorghiță Ștefan,freestyle wrestling,male,bronze
Khetag Gazyumov,freestyle wrestling,male,bronze
Kiril Terziev,freestyle wrestling,male,bronze
Marid Mutalimov,freestyle wrestling,male,bronze
Michel Batista Martínez,freestyle wrestling,male,bronze
Morad Mohammadi,freestyle wrestling,male,bronze
Otar Tushishvili,freestyle wrestling,male,bronze
Radoslav Velikov,freestyle wrestling,male,bronze
Sushil Kumar,freestyle wrestling,male,bronze
Taras Danko,freestyle wrestling,male,bronze
Agnieszka Wieszczek-Kordus,freestyle wrestling,female,bronze
Iryna Merleni,freestyle wrestling,female,bronze
Jackeline Rentería,freestyle wrestling,female,bronze
Kyoko Hamaguchi,freestyle wrestling,female,bronze
Mariya Stadnik,freestyle wrestling,female,bronze
Randi Miller,freestyle wrestling,female,bronze
Tonya Verbeek,freestyle wrestling,female,bronze
Yelena Shalygina,freestyle wrestling,female,bronze
Andriy Stadnik,freestyle wrestling,male,silver
David Musuľbes,freestyle wrestling,male,silver
Giorgi Gogshelidze,freestyle wrestling,male,silver
Kenichi Yumoto,freestyle wrestling,male,silver
Murad Gaidarov,freestyle wrestling,male,silver
Tomohiro Matsunaga,freestyle wrestling,male,silver
Yusup Abdusalomov,freestyle wrestling,male,silver
Alena Kartashova,freestyle wrestling,female,silver
Chiharu Icho,freestyle wrestling,female,silver
Stanka Zlateva,freestyle wrestling,female,silver
Xu Li,freestyle wrestling,female,silver
Bakhtiyar Akhmedov,freestyle wrestling,male,gold
Buvaisar Saitiev,freestyle wrestling,male,gold
Henry Cejudo,freestyle wrestling,male,gold
Mavlet Batirov,freestyle wrestling,male,gold
Ramazan Şahin,freestyle wrestling,male,gold
Revaz Mindorashvili,freestyle wrestling,male,gold
Shirvani Muradov,freestyle wrestling,male,gold
Carol Huynh,freestyle wrestling,female,gold
Kaori Icho,freestyle wrestling,female,gold
Saori Yoshida,freestyle wrestling,female,gold
Wang Jiao,freestyle wrestling,female,gold
Adam Wheeler,greco-roman wrestling,male,bronze
Armen Vardanyan,greco-roman wrestling,male,bronze
Christophe Guénot,greco-roman wrestling,male,bronze
Marek Švec,greco-roman wrestling,male,bronze
Mikhail Siamionau,greco-roman wrestling,male,bronze
Nazmi Avluca,greco-roman wrestling,male,bronze
Park Eun-Chul,greco-roman wrestling,male,bronze
Roman Amoyan,greco-roman wrestling,male,bronze
Ruslan Tumenbaev,greco-roman wrestling,male,bronze
Sheng Jiang,greco-roman wrestling,male,bronze
Yannick Szczepaniak,greco-roman wrestling,male,bronze
Yavor Yanakiev,greco-roman wrestling,male,bronze
Yury Patrikeyev,greco-roman wrestling,male,bronze
Chang Yongxiang,greco-roman wrestling,male,silver
Kanatbek Begaliev,greco-roman wrestling,male,silver
Mindaugas Mizgaitis,greco-roman wrestling,male,silver
Mirko Englich,greco-roman wrestling,male,silver
Nurbakyt Tengizbayev,greco-roman wrestling,male,silver
Rovshan Bayramov,greco-roman wrestling,male,silver
Zoltán Fodor,greco-roman wrestling,male,silver
Andrea Minguzzi,greco-roman wrestling,male,gold
Aslanbek Khushtov,greco-roman wrestling,male,gold
Islambek Albiev,greco-roman wrestling,male,gold
Manuchar Kvirkvelia,greco-roman wrestling,male,gold
Mijaín López,greco-roman wrestling,male,gold
Nazyr Mankiev,greco-roman wrestling,male,gold
Steeve Guénot,greco-roman wrestling,male,gold
Albert Rocas,handball,male,bronze
Alberto Entrerríos,handball,male,bronze
Carlos Prieto Martos,handball,male,bronze
Cristian Malmagro,handball,male,bronze
David Barrufet,handball,male,bronze
David Davis,handball,male,bronze
Demetrio Lozano,handball,male,bronze
Iker Romero,handball,male,bronze
Jon Belaustegui,handball,male,bronze
José Javier Hombrados,handball,male,bronze
Juanín García,handball,male,bronze
Raúl Entrerríos,handball,male,bronze
Rubén Garabaya,handball,male,bronze
Víctor Tomás,handball,male,bronze
An Jung-Hwa,handball,female,bronze
Bae Min-hee,handball,female,bronze
Choi Im-jeong,handball,female,bronze
Hong Jeong-ho,handball,female,bronze
Huh Soon-young,handball,female,bronze
Kim Cha-youn,handball,female,bronze
Kim Nam-sun,handball,female,bronze
Kim On-a,handball,female,bronze
Lee Min-hee,handball,female,bronze
Moon Pil-hee,handball,female,bronze
Oh Seong-ok,handball,female,bronze
Oh Yong-ran,handball,female,bronze
Park Chung-hee,handball,female,bronze
Song Hai-rim,handball,female,bronze
Alexander Petersson,handball,male,silver
Arnór Atlason,handball,male,silver
Björgvin Páll Gústavsson,handball,male,silver
Guðjón Valur Sigurðsson,handball,male,silver
Hreiðar Guðmundsson,handball,male,silver
Ingimundur Ingimundarson,handball,male,silver
Logi Geirsson,handball,male,silver
Róbert Gunnarsson,handball,male,silver
Sigfús Sigurðsson,handball,male,silver
Snorri Guðjónsson,handball,male,silver
Sturla Ásgeirsson,handball,male,silver
Sverre Andreas Jakobsson,handball,male,silver
Ásgeir Örn Hallgrímsson,handball,male,silver
Ólafur Stefánsson,handball,male,silver
Anna Kareyeva,handball,female,silver
Emiliya Turey,handball,female,silver
Inna Suslina,handball,female,silver
Irina Bliznova,handball,female,silver
Irina Dibirova,handball,female,silver
Lyudmila Postnova,handball,female,silver
Maria Sidorova,handball,female,silver
Natalia Shipilova,handball,female,silver
Oxana Romenskaya,handball,female,silver
Yana Uskova,handball,female,silver
Yekaterina Andryushina,handball,female,silver
Yekaterina Marennikova,handball,female,silver
Yelena Dmitriyeva,handball,female,silver
Yelena Polenova,handball,female,silver
Bertrand Gille,handball,male,gold
Christophe Kempé,handball,male,gold
Cédric Burdet,handball,male,gold
Cédric Paty,handball,male,gold
Daniel Narcisse,handball,male,gold
Daouda Karaboué,handball,male,gold
Didier Dinart,handball,male,gold
Guillaume Gille,handball,male,gold
Joël Abati,handball,male,gold
Jérôme Fernandez,handball,male,gold
Luc Abalo,handball,male,gold
Michaël Guigou,handball,male,gold
Nikola Karabatić,handball,male,gold
Olivier Girault,handball,male,gold
Thierry Omeyer,handball,male,gold
Else-Marthe Sørlie Lybekk,handball,female,gold
Gro Hammerseng-Edin,handball,female,gold
Gøril Snorroeggen,handball,female,gold
Kari Aalvik Grimsbø,handball,female,gold
Kari Mette Johansen,handball,female,gold
Karoline Dyhre Breivang,handball,female,gold
Katja Nyberg,handball,female,gold
Katrine Lunde,handball,female,gold
Kristine Lunde-Borgersen,handball,female,gold
Linn-Kristin Riegelhuth Koren,handball,female,gold
Marit Malm Frafjord,handball,female,gold
Ragnhild Aamodt,handball,female,gold
Tonje Larsen,handball,female,gold
Tonje Nøstvold,handball,female,gold
Henk Grol,judo,male,bronze
Hesham Mesbah,judo,male,bronze
Leandro Guilheiro,judo,male,bronze
Movlud Miraliyev,judo,male,bronze
Pak Chol-Min,judo,male,bronze
Rasul Boqiev,judo,male,bronze
Rishod Sobirov,judo,male,bronze
Roman Hontyuk,judo,male,bronze
Ruben Houkes,judo,male,bronze
Sergei Aschwanden,judo,male,bronze
Teddy Riner,judo,male,bronze
Tiago Camilo,judo,male,bronze
Yordanis Arencibia,judo,male,bronze
Óscar Brayson,judo,male,bronze
Edith Bosch,judo,female,bronze
Elisabeth Willeboordse,judo,female,bronze
Idalys Ortiz,judo,female,bronze
Jeong Gyeong-mi,judo,female,bronze
Ketleyn Quadros,judo,female,bronze
Lucija Polavder,judo,female,bronze
Misato Nakamura,judo,female,bronze
Paula Pareto,judo,female,bronze
Ronda Rousey,judo,female,bronze
Ryoko Tani,judo,female,bronze
Soraya Haddad,judo,female,bronze
Stéphanie Possamaï,judo,female,bronze
Won Ok-Im,judo,female,bronze
Xu Yan,judo,female,bronze
Abdullo Tangriev,judo,male,silver
Amar Benikhlef,judo,male,silver
Askhat Zhitkeyev,judo,male,silver
Benjamin Darbelet,judo,male,silver
Kim Jae-bum,judo,male,silver
Ludwig Paischer,judo,male,silver
Wang Ki-chun,judo,male,silver
An Kum-ae,judo,female,silver
Anaysi Hernández,judo,female,silver
Deborah Gravenstijn,judo,female,silver
Lucie Décosse,judo,female,silver
Maki Tsukada,judo,female,silver
Yalennis Castillo,judo,female,silver
Yanet Bermoy,judo,female,silver
Choi Min-ho,judo,male,gold
Elnur Mammadli,judo,male,gold
Irakli Tsirekidze,judo,male,gold
Masato Uchishiba,judo,male,gold
Naidangiin Tüvshinbayar,judo,male,gold
Ole Bischof,judo,male,gold
Satoshi Ishii,judo,male,gold
Alina Dumitru,judo,female,gold
Ayumi Tanimoto,judo,female,gold
Giulia Quintavalle,judo,female,gold
Masae Ueno,judo,female,gold
Tong Wen,judo,female,gold
Xian Dongmei,judo,female,gold
Yang Xiuli,judo,female,gold
Andrejus Zadneprovskis,modern pentathlon,male,bronze
Edvinas Krungolcas,modern pentathlon,male,silver
Heather Fell,modern pentathlon,female,silver
Andrey Moiseyev,modern pentathlon,male,gold
Lena Schöneborn,modern pentathlon,female,gold
Nino Schurter,mountain biking,male,bronze
Irina Kalentieva,mountain biking,female,bronze
Jean-Christophe Péraud,mountain biking,male,silver
Maja Włoszczowska,mountain biking,female,silver
Julien Absalon,mountain biking,male,gold
Sabine Spitz,mountain biking,female,gold
Alina Tumilovich,rhythmic gymnastics,female,bronze
Anastasia Ivankova,rhythmic gymnastics,female,bronze
Anna Bessonova,rhythmic gymnastics,female,bronze
Glafira Martinovich,rhythmic gymnastics,female,bronze
Ksenia Sankovich,rhythmic gymnastics,female,bronze
Olesya Babushkina,rhythmic gymnastics,female,bronze
Zinaida Lunina,rhythmic gymnastics,female,bronze
Cai Tong-Tong,rhythmic gymnastics,female,silver
Chou Tao,rhythmic gymnastics,female,silver
Inna Zhukova,rhythmic gymnastics,female,silver
Lü Yuanyang,rhythmic gymnastics,female,silver
Sui Jianshuang,rhythmic gymnastics,female,silver
Sun Dan,rhythmic gymnastics,female,silver
Zhang Shuo,rhythmic gymnastics,female,silver
Anna Gavrilenko,rhythmic gymnastics,female,gold
Daria Shkurikhina,rhythmic gymnastics,female,gold
Margarita Aliychuk,rhythmic gymnastics,female,gold
Natalia Zuyeva,rhythmic gymnastics,female,gold
Tatiana Gorbunova,rhythmic gymnastics,female,gold
Yelena Posevina,rhythmic gymnastics,female,gold
Yevgeniya Kanayeva,rhythmic gymnastics,female,gold
Alexandr Kolobnev,road bicycle racing,male,bronze
Levi Leipheimer,road bicycle racing,male,bronze
Karin Thürig,road bicycle racing,female,bronze
Tatiana Guderzo,road bicycle racing,female,bronze
Fabian Cancellara,road bicycle racing,male,silver
Gustav Larsson,road bicycle racing,male,silver
Emma Johansson,road bicycle racing,female,silver
Emma Pooley,road bicycle racing,female,silver
Samuel Sánchez,road bicycle racing,male,gold
Kristin Armstrong,road bicycle racing,female,gold
Nicole Cooke,road bicycle racing,female,gold
Beau Hoopman,rowing,male,bronze
Benjamin Rondeau,rowing,male,bronze
Bryan Volpenhein,rowing,male,bronze
Cédric Berrest,rowing,male,bronze
Daniel Walsh,rowing,male,bronze
Dorian Mortelette,rowing,male,bronze
George Bridgewater,rowing,male,bronze
Germain Chardin,rowing,male,bronze
Iain Brambell,rowing,male,bronze
Jon Beare,rowing,male,bronze
Jonathan Coeffic,rowing,male,bronze
Josh Inman,rowing,male,bronze
Julien Bahain,rowing,male,bronze
Julien Desprès,rowing,male,bronze
Liam Parsons,rowing,male,bronze
Mads Rasmussen,rowing,male,bronze
Mahé Drysdale,rowing,male,bronze
Marcus McElhenney,rowing,male,bronze
Matt Schnobrich,rowing,male,bronze
Micah Boyd,rowing,male,bronze
Mike Lewis,rowing,male,bronze
Nathan Twaddle,rowing,male,bronze
Pierre-Jean Peltier,rowing,male,bronze
Rasmus Quist Hansen,rowing,male,bronze
Stephen Rowbotham,rowing,male,bronze
Steven Coppola,rowing,male,bronze
Wyatt Allen,rowing,male,bronze
Anna Watkins,rowing,female,bronze
Britta Oppelt,rowing,female,bronze
Constanța Burcică,rowing,female,bronze
Doina Ignat,rowing,female,bronze
Ekaterina Karsten,rowing,female,bronze
Elena Georgescu,rowing,female,bronze
Elise Laverick,rowing,female,bronze
Enikő Barabás,rowing,female,bronze
Ioana Papuc,rowing,female,bronze
Kathrin Boron,rowing,female,bronze
Manuela Lutze,rowing,female,bronze
Melanie Kok,rowing,female,bronze
Natallia Helakh,rowing,female,bronze
Rodica Șerban,rowing,female,bronze
Simona Mușat,rowing,female,bronze
Stephanie Schiller,rowing,female,bronze
Tracy Cameron,rowing,female,bronze
Yuliya Bichyk,rowing,female,bronze
Acer Nethercott,rowing,male,silver
Alastair Heathcote,rowing,male,silver
Alex Partridge,rowing,male,silver
Bartłomiej Pawełczak,rowing,male,silver
Cameron McKenzie-McHarg,rowing,male,silver
Colin Smith,rowing,male,silver
David Calder,rowing,male,silver
Dimitris Mougios,rowing,male,silver
Francis Hegerty,rowing,male,silver
James Marburg,rowing,male,silver
Josh West,rowing,male,silver
Jüri Jaanson,rowing,male,silver
Luca Agamennoni,rowing,male,silver
Matt Ryan,rowing,male,silver
Matthew Langridge,rowing,male,silver
Miłosz Bernatajtys,rowing,male,silver
Ondřej Synek,rowing,male,silver
Paweł Rańda,rowing,male,silver
Richard Egington,rowing,male,silver
Rossano Galtarossa,rowing,male,silver
Scott Frandsen,rowing,male,silver
Simone Raineri,rowing,male,silver
Simone Venier,rowing,male,silver
Tom Lucy,rowing,male,silver
Tom Stallard,rowing,male,silver
Tõnu Endrekson,rowing,male,silver
Vasileios Polymeros,rowing,male,silver
Łukasz Pawłowski,rowing,male,silver
Annabel Vernon,rowing,female,silver
Annekatrin Thiele,rowing,female,silver
Annemarieke van Rumpt,rowing,female,silver
Annemiek de Haan,rowing,female,silver
Christiane Huth,rowing,female,silver
Debbie Flood,rowing,female,silver
Ester Workel,rowing,female,silver
Femke Dekker,rowing,female,silver
Frances Houghton,rowing,female,silver
Gao Yulan,rowing,female,silver
Helen Tanger,rowing,female,silver
Katherine Grainger,rowing,female,silver
Marlies Smulders,rowing,female,silver
Michelle Guerette,rowing,female,silver
Minna Nieminen,rowing,female,silver
Nienke Kingma,rowing,female,silver
Roline Repelaer van Driel,rowing,female,silver
Sanna Stén,rowing,female,silver
Sarah Siegelaar,rowing,female,silver
Wu You,rowing,female,silver
Adam Korol,rowing,male,gold
Adam Kreek,rowing,male,gold
Andrew Byrnes,rowing,male,gold
Andrew Triggs Hodge,rowing,male,gold
Ben Rutledge,rowing,male,gold
Brian Price,rowing,male,gold
David Crawshay,rowing,male,gold
Dominic Seiterle,rowing,male,gold
Drew Ginn,rowing,male,gold
Duncan Free,rowing,male,gold
Eskild Ebbesen,rowing,male,gold
Jake Wetzel,rowing,male,gold
Kevin Light,rowing,male,gold
Konrad Wasielewski,rowing,male,gold
Kyle Hamilton,rowing,male,gold
Mads Andersen,rowing,male,gold
Malcolm Howard,rowing,male,gold
Marek Kolbowicz,rowing,male,gold
Mark Hunter,rowing,male,gold
Michał Jeliński,rowing,male,gold
Morten Jørgensen,rowing,male,gold
Olaf Tufte,rowing,male,gold
Pete Reed,rowing,male,gold
Scott Brennan,rowing,male,gold
Steve Williams,rowing,male,gold
Thomas Ebert,rowing,male,gold
Tom James,rowing,male,gold
Zac Purchase,rowing,male,gold
Anna Goodale,rowing,female,gold
Anna Mickelson,rowing,female,gold
Caroline Evers-Swindell,rowing,female,gold
Caroline Lind,rowing,female,gold
Caryn Davies,rowing,female,gold
Elle Logan,rowing,female,gold
Erin Cafaro,rowing,female,gold
Georgeta Damian,rowing,female,gold
Georgina Evers-Swindell,rowing,female,gold
Jin Ziwei,rowing,female,gold
Kirsten van der Kolk,rowing,female,gold
Lindsay Shoop,rowing,female,gold
Marit van Eupen,rowing,female,gold
Mary Whipple,rowing,female,gold
Rumyana Neykova,rowing,female,gold
Susan Francia,rowing,female,gold
Tang Bin,rowing,female,gold
Viorica Susanu,rowing,female,gold
Xi Aihua,rowing,female,gold
Zhang Yangyang,rowing,female,gold
Anders Ekström,sailing,male,bronze
Carlos Espínola,sailing,male,bronze
Diego Romero,sailing,male,bronze
Fredrik Lööf,sailing,male,bronze
Guillaume Florent,sailing,male,bronze
Hannes Peckolt,sailing,male,bronze
Jan-Peter Peckolt,sailing,male,bronze
Nicolas Charbonnier,sailing,male,bronze
Olivier Bausset,sailing,male,bronze
Santiago Lange,sailing,male,bronze
Shahar Tzuberi,sailing,male,bronze
Bryony Shaw,sailing,female,bronze
Fernanda Oliveira,sailing,female,bronze
Isabel Swan,sailing,female,bronze
Sofia Bekatorou,sailing,female,bronze
Sofia Papadopoulou,sailing,female,bronze
Virginia Kravarioti,sailing,female,bronze
Xu Lijia,sailing,female,bronze
Bruno Prada,sailing,male,silver
Darren Bundock,sailing,male,silver
Glenn Ashby,sailing,male,silver
Iker Martínez de Lizarduy,sailing,male,silver
Joe Glanfield,sailing,male,silver
Julien Bontemps,sailing,male,silver
Nick Rogers,sailing,male,silver
Robert Scheidt,sailing,male,silver
Vasilij Žbogar,sailing,male,silver
Xabier Fernández,sailing,male,silver
Zach Railey,sailing,male,silver
Alessandra Sensini,sailing,female,silver
Annemieke Bes,sailing,female,silver
Gintarė Scheidt,sailing,female,silver
Lobke Berkhout,sailing,female,silver
Mandy Mulder,sailing,female,silver
Marcelien de Koning,sailing,female,silver
Merel Witteveen,sailing,female,silver
Andrew Simpson,sailing,male,gold
Antón Paz,sailing,male,gold
Ben Ainslie,sailing,male,gold
Fernando Echávarri,sailing,male,gold
Iain Percy,sailing,male,gold
Jonas Warrer,sailing,male,gold
Malcolm Page,sailing,male,gold
Martin Kirketerp,sailing,male,gold
Nathan Wilmot,sailing,male,gold
Paul Goodison,sailing,male,gold
Tom Ashley,sailing,male,gold
Anna Tunnicliffe,sailing,female,gold
Elise Rechichi,sailing,female,gold
Pippa Wilson,sailing,female,gold
Sarah Ayton,sailing,female,gold
Sarah Webb,sailing,female,gold
Tessa Parkinson,sailing,female,gold
Yin Jian,sailing,female,gold
Aleksei Alipov,shooting sport,male,bronze
Anthony Terras,shooting sport,male,bronze
Christian Reitz,shooting sport,male,bronze
Henri Häkkinen,shooting sport,male,bronze
Hu Binyuan,shooting sport,male,bronze
Jason Turner,shooting sport,male,bronze
Rajmond Debevec,shooting sport,male,bronze
Vladimir Isakov,shooting sport,male,bronze
Warren Potent,shooting sport,male,bronze
Christine Wenzel,shooting sport,female,bronze
Corey Cogdell,shooting sport,female,bronze
Eglis Yaima Cruz,shooting sport,female,bronze
Munkhbayar Dorjsuren,shooting sport,female,bronze
Nino Salukvadze,shooting sport,female,bronze
Snježana Pejčić,shooting sport,female,bronze
Francesco D'Aniello,shooting sport,male,silver
Giovanni Pellielo,shooting sport,male,silver
Jin Jong-oh,shooting sport,male,silver
Jury Sukhorukov,shooting sport,male,silver
Matthew Emmons,shooting sport,male,silver
Ralf Schumann,shooting sport,male,silver
Tan Zongliang,shooting sport,male,silver
Tore Brovold,shooting sport,male,silver
Zhu Qinan,shooting sport,male,silver
Kim Rhode,shooting sport,female,silver
Lioubov Galkina,shooting sport,female,silver
Natalia Paderina,shooting sport,female,silver
Otryadyn Gündegmaa,shooting sport,female,silver
Zuzana Rehák-Štefečeková,shooting sport,female,silver
Abhinav,shooting sport,male,gold
Artur Ayvazyan,shooting sport,male,gold
David Kostelecký,shooting sport,male,gold
Oleksandr Petriv,shooting sport,male,gold
Pang Wei,shooting sport,male,gold
Qiu Jian,shooting sport,male,gold
Vincent Hancock,shooting sport,male,gold
Walton Eller,shooting sport,male,gold
Chen Ying,shooting sport,female,gold
Chiara Cainero,shooting sport,female,gold
Du Li,shooting sport,female,gold
Guo Wenjun,shooting sport,female,gold
Kateřina Emmons,shooting sport,female,gold
Satu Mäkelä-Nummela,shooting sport,female,gold
Belinda Wright,softball,female,bronze
Danielle Stewart,softball,female,bronze
Jodie Bowering,softball,female,bronze
Justine Smethurst,softball,female,bronze
Kelly Hardie,softball,female,bronze
Kerry Wyborn,softball,female,bronze
Kylie Cronk,softball,female,bronze
Melanie Roche,softball,female,bronze
Natalie Titcume,softball,female,bronze
Natalie Ward,softball,female,bronze
Sandy Lewis,softball,female,bronze
Simmone Morrow,softball,female,bronze
Stacey Porter,softball,female,bronze
Tanya Harding,softball,female,bronze
Tracey Mosley,softball,female,bronze
Andrea Duran,softball,female,silver
Caitlin Lowe,softball,female,silver
Cat Osterman,softball,female,silver
Crystl Bustos,softball,female,silver
Jennie Finch,softball,female,silver
Jessica Mendoza,softball,female,silver
Kelly Kretschman,softball,female,silver
Laura Berg,softball,female,silver
Lauren Lappin,softball,female,silver
Lovieanne Jung,softball,female,silver
Monica Abbott,softball,female,silver
Natasha Watley,softball,female,silver
Stacey Nuveman,softball,female,silver
Tairia Flowers,softball,female,silver
Vicky Galindo,softball,female,silver
Ayumi Karino,softball,female,gold
Emi Inui,softball,female,gold
Eri Yamada,softball,female,gold
Hiroko Sakai,softball,female,gold
Masumi Mishina,softball,female,gold
Megu Hirose,softball,female,gold
Mika Someya,softball,female,gold
Motoko Fujimoto,softball,female,gold
Naho Emoto,softball,female,gold
Rei Nishiyama,softball,female,gold
Rie Sato,softball,female,gold
Sachiko Ito,softball,female,gold
Satoko Mabuchi,softball,female,gold
Yukiko Ueno,softball,female,gold
Yukiyo Mine,softball,female,gold
Alain Bernard,swimming,male,bronze
Andrew Lauterstein,swimming,male,bronze
Arkady Vyatchanin,swimming,male,bronze
Ashley Callus,swimming,male,bronze
Grant Brits,swimming,male,bronze
Hayden Stoeckel,swimming,male,bronze
Hisayoshi Sato,swimming,male,bronze
Hugues Duboscq,swimming,male,bronze
Jason Lezak,swimming,male,bronze
Junichi Miyashita,swimming,male,bronze
Kirk Palmer,swimming,male,bronze
Larsen Jensen,swimming,male,bronze
Leith Brodie,swimming,male,bronze
Matt Targett,swimming,male,bronze
Nick Ffrost,swimming,male,bronze
Patrick Murphy,swimming,male,bronze
Peter Vanderkaay,swimming,male,bronze
Ryan Cochrane,swimming,male,bronze
Takeshi Matsuda,swimming,male,bronze
Takuro Fujii,swimming,male,bronze
Thomas Lurz,swimming,male,bronze
Alice Tait,swimming,female,bronze
Allison Schmitt,swimming,female,bronze
Caroline Burckle,swimming,female,bronze
Cassie Patten,swimming,female,bronze
Cate Campbell,swimming,female,bronze
Christine Marshall,swimming,female,bronze
Jessicah Schipper,swimming,female,bronze
Joanne Jackson,swimming,female,bronze
Kim Vandenberg,swimming,female,bronze
Lotte Friis,swimming,female,bronze
Margaret Hoelzer,swimming,female,bronze
Melanie Schlanger,swimming,female,bronze
Mirna Jukić,swimming,female,bronze
Natalie Coughlin,swimming,female,bronze
Pang Jiaying,swimming,female,bronze
Reiko Nakamura,swimming,female,bronze
Sara Nordenstam,swimming,female,bronze
Shayne Reese,swimming,female,bronze
Sun Ye,swimming,female,bronze
Xu Tianlongzi,swimming,female,bronze
Zhao Jing,swimming,female,bronze
Zhou Yafei,swimming,female,bronze
Adam Pine,swimming,male,silver
Alexander Dale Oen,swimming,male,silver
Alexander Sukhorukov,swimming,male,silver
Amaury Leveaux,swimming,male,silver
Ashley Delaney,swimming,male,silver
Boris Steimetz,swimming,male,silver
Brenton Rickard,swimming,male,silver
Christian Sprenger,swimming,male,silver
Danila Izotov,swimming,male,silver
David Davies,swimming,male,silver
Eamon Sullivan,swimming,male,silver
Fabien Gilot,swimming,male,silver
Frédérick Bousquet,swimming,male,silver
Grant Hackett,swimming,male,silver
Grégory Mallet,swimming,male,silver
László Cseh,swimming,male,silver
Matt Grevers,swimming,male,silver
Mikhail Polishchuk,swimming,male,silver
Milorad Čavić,swimming,male,silver
Nikita Lobintsev,swimming,male,silver
Park Tae-Hwan,swimming,male,silver
Yevgeny Lagunov,swimming,male,silver
Zhang Lin,swimming,male,silver
Alessia Filippi,swimming,female,silver
Christine Magnuson,swimming,female,silver
Dara Torres,swimming,female,silver
Elaine Breeden,swimming,female,silver
Emily Silver,swimming,female,silver
Jiao Liuyang,swimming,female,silver
Julia Smit,swimming,female,silver
Kara Lynn Joyce,swimming,female,silver
Katie Hoff,swimming,female,silver
Keri-Anne Payne,swimming,female,silver
Kirsty Coventry,swimming,female,silver
Lacey Nymeyer,swimming,female,silver
Libby Trickett,swimming,female,silver
Megan Jendrick,swimming,female,silver
Rebecca Soni,swimming,female,silver
Sara Isaković,swimming,female,silver
Tan Miao,swimming,female,silver
Tang Jingzhi,swimming,female,silver
Yang Yu,swimming,female,silver
Zhu Qianwei,swimming,female,silver
Aaron Peirsol,swimming,male,gold
Ben Wildman-Tobriner,swimming,male,gold
Brendan Hansen,swimming,male,gold
Cullen Jones,swimming,male,gold
César Cielo,swimming,male,gold
David Walters,swimming,male,gold
Erik Vendt,swimming,male,gold
Garrett Weber-Gale,swimming,male,gold
Ian Crocker,swimming,male,gold
Klete Keller,swimming,male,gold
Kosuke Kitajima,swimming,male,gold
Maarten van der Weijden,swimming,male,gold
Mark Gangloff,swimming,male,gold
Michael Phelps,swimming,male,gold
Nathan Adrian,swimming,male,gold
Oussama Mellouli,swimming,male,gold
Ricky Berens,swimming,male,gold
Ryan Lochte,swimming,male,gold
Angie Bainbridge,swimming,female,gold
Britta Steffen,swimming,female,gold
Bronte Barratt,swimming,female,gold
Emily Seebohm,swimming,female,gold
Federica Pellegrini,swimming,female,gold
Felicity Galvez,swimming,female,gold
Femke Heemskerk,swimming,female,gold
Hinkelien Schreuder,swimming,female,gold
Inge Dekker,swimming,female,gold
Kylie Palmer,swimming,female,gold
Lara Davenport,swimming,female,gold
Larisa Ilchenko,swimming,female,gold
Leisel Jones,swimming,female,gold
Linda Mackenzie,swimming,female,gold
Liu Zige,swimming,female,gold
Manon van Rooijen,swimming,female,gold
Marleen Veldhuis,swimming,female,gold
Ranomi Kromowidjojo,swimming,female,gold
Rebecca Adlington,swimming,female,gold
Stephanie Rice,swimming,female,gold
Tarnee White,swimming,female,gold
Emiko Suzuki,synchronized swimming,female,bronze
Gu Beibei,synchronized swimming,female,bronze
Huang Xuechen,synchronized swimming,female,bronze
Jiang Tingting,synchronized swimming,female,bronze
Jiang Wenwen,synchronized swimming,female,bronze
Liu Ou,synchronized swimming,female,bronze
Luo Xi,synchronized swimming,female,bronze
Saho Harada,synchronized swimming,female,bronze
Sun Qiuting,synchronized swimming,female,bronze
Wang Na,synchronized swimming,female,bronze
Zhang Xiaohuan,synchronized swimming,female,bronze
Alba Cabello,synchronized swimming,female,silver
Andrea Fuentes,synchronized swimming,female,silver
Gemma Mengual,synchronized swimming,female,silver
Gisela Morón,synchronized swimming,female,silver
Irina Rodríguez,synchronized swimming,female,silver
Laura López,synchronized swimming,female,silver
Paola Tirados,synchronized swimming,female,silver
Raquel Corral,synchronized swimming,female,silver
Thaïs Henríquez,synchronized swimming,female,silver
Anastasia Davydova,synchronized swimming,female,gold
Anastasiya Yermakova,synchronized swimming,female,gold
Anna Shorina,synchronized swimming,female,gold
Elvira Khasyanova,synchronized swimming,female,gold
Mariya Gromova,synchronized swimming,female,gold
Natalia Ishchenko,synchronized swimming,female,gold
Olga Kuzhela,synchronized swimming,female,gold
Svetlana Romashina,synchronized swimming,female,gold
Yelena Ovchinnikova,synchronized swimming,female,gold
Oh Sang-eun,table tennis,male,bronze
Ryu Seung-min,table tennis,male,bronze
Wang Liqin,table tennis,male,bronze
Yoon Jae-Young,table tennis,male,bronze
Dang Ye-seo,table tennis,female,bronze
Guo Yue,table tennis,female,bronze
Kim Kyungah,table tennis,female,bronze
Park Mi-Young,table tennis,female,bronze
Christian Süß,table tennis,male,silver
Dimitrij Ovtcharov,table tennis,male,silver
Timo Boll,table tennis,male,silver
Wang Hao,table tennis,male,silver
Feng Tianwei,table tennis,female,silver
Li Jiawei,table tennis,female,silver
Wang Nan,table tennis,female,silver
Wang Yuegu,table tennis,female,silver
Ma Lin,table tennis,male,gold
Zhang Yining,table tennis,female,gold
Arman Chilmanov,taekwondo,male,bronze
Chika Chukwumerije,taekwondo,male,bronze
Chu Mu-yen,taekwondo,male,bronze
Rohullah Nikpai,taekwondo,male,bronze
Servet Tazegül,taekwondo,male,bronze
Steven López,taekwondo,male,bronze
Sung Yu-chi,taekwondo,male,bronze
Zhu Guo,taekwondo,male,bronze
Dalia Contreras,taekwondo,female,bronze
Daynellis Montejo,taekwondo,female,bronze
Diana López,taekwondo,female,bronze
Gwladys Épangue,taekwondo,female,bronze
Martina Zubčić,taekwondo,female,bronze
Natália Falavigna,taekwondo,female,bronze
Sandra Šarić,taekwondo,female,bronze
Sarah Stevenson,taekwondo,female,bronze
Alexandros Nikolaidis,taekwondo,male,silver
Gabriel Mercedes,taekwondo,male,silver
Mark López,taekwondo,male,silver
Mauro Sarmiento,taekwondo,male,silver
Azize Tanrıkulu,taekwondo,female,silver
Buttree Puedpong,taekwondo,female,silver
Karine Sergerie,taekwondo,female,silver
Nina Solheim,taekwondo,female,silver
Cha Dong-Min,taekwondo,male,gold
Guillermo Pérez,taekwondo,male,gold
Hadi Saei,taekwondo,male,gold
Son Tae-jin,taekwondo,male,gold
Hwang Kyung-Seon,taekwondo,female,gold
Lim Su-jeong,taekwondo,female,gold
María Espinoza,taekwondo,female,gold
Wu Jingyu,taekwondo,female,gold
Bob Bryan,tennis,male,bronze
Mike Bryan,tennis,male,bronze
Novak Djokovic,tennis,male,bronze
Vera Zvonareva,tennis,female,bronze
Yan Zi,tennis,female,bronze
Zheng Jie,tennis,female,bronze
Fernando González,tennis,male,silver
Simon Aspelin,tennis,male,silver
Thomas Johansson,tennis,male,silver
Anabel Medina Garrigues,tennis,female,silver
Dinara Safina,tennis,female,silver
Virginia Ruano Pascual,tennis,female,silver
Rafael Nadal,tennis,male,gold
Roger Federer,tennis,male,gold
Stan Wawrinka,tennis,male,gold
Elena Dementieva,tennis,female,gold
Serena Williams,tennis,female,gold
Venus Williams,tennis,female,gold
Alexei Markov,track cycling,male,bronze
Chris Newton,track cycling,male,bronze
Jesse Sergent,track cycling,male,bronze
Kiyofumi Nagai,track cycling,male,bronze
Marc Ryan,track cycling,male,bronze
Maximilian Levy,track cycling,male,bronze
Mickaël Bourgain,track cycling,male,bronze
Mikhail Ignatiev,track cycling,male,bronze
René Enders,track cycling,male,bronze
Sam Bewley,track cycling,male,bronze
Stefan Nimke,track cycling,male,bronze
Steven Burke,track cycling,male,bronze
Westley Gough,track cycling,male,bronze
Guo Shuang,track cycling,female,bronze
Leire Olaberria,track cycling,female,bronze
Lesya Kalytovska,track cycling,female,bronze
Alex Rasmussen,track cycling,male,silver
Arnaud Tournant,track cycling,male,silver
Casper Jørgensen,track cycling,male,silver
Grégory Baugé,track cycling,male,silver
Hayden Roulston,track cycling,male,silver
Jason Kenny,track cycling,male,silver
Jens-Erik Madsen,track cycling,male,silver
Joan Llaneras Roselló,track cycling,male,silver
Kévin Sireau,track cycling,male,silver
Michael Færk Christensen,track cycling,male,silver
Michael Mørkøv,track cycling,male,silver
Roger Kluge,track cycling,male,silver
Ross Edgar,track cycling,male,silver
Toni Tauler,track cycling,male,silver
Anna Meares,track cycling,female,silver
Wendy Houvenaghel,track cycling,female,silver
Yoanka González,track cycling,female,silver
Bradley Wiggins,track cycling,male,gold
Chris Hoy,track cycling,male,gold
Ed Clancy,track cycling,male,gold
Geraint Thomas,track cycling,male,gold
Jamie Staff,track cycling,male,gold
Juan Curuchet,track cycling,male,gold
Paul Manning,track cycling,male,gold
Walter Pérez,track cycling,male,gold
Marianne Vos,track cycling,female,gold
Rebecca Romero,track cycling,female,gold
Victoria Pendleton,track cycling,female,gold
Dong Dong,trampoline gymnastics,male,bronze
Ekaterina Khilko,trampoline gymnastics,female,bronze
Jason Burnett,trampoline gymnastics,male,silver
Karen Cockburn,trampoline gymnastics,female,silver
Lu Chunlong,trampoline gymnastics,male,gold
He Wenna,trampoline gymnastics,female,gold
Bevan Docherty,triathlon,male,bronze
Emma Moffatt,triathlon,female,bronze
Simon Whitfield,triathlon,male,silver
Vanessa Fernandes,triathlon,female,silver
Jan Frodeno,triathlon,male,gold
Emma Snowsill,triathlon,female,gold
Aleksandr Korneev,volleyball,male,bronze
Aleksandr Kosarev,volleyball,male,bronze
Aleksandr Volkov,volleyball,male,bronze
Aleksey Kuleshov,volleyball,male,bronze
Aleksey Ostapenko,volleyball,male,bronze
Aleksey Verbov,volleyball,male,bronze
Maxim Mikhaylov,volleyball,male,bronze
Semyon Poltavskiy,volleyball,male,bronze
Sergey Grankin,volleyball,male,bronze
Sergey Tetyukhin,volleyball,male,bronze
Vadim Khamuttskikh,volleyball,male,bronze
Yury Berezhko,volleyball,male,bronze
Feng Kun,volleyball,female,bronze
Li Juan,volleyball,female,bronze
Liu Yanan,volleyball,female,bronze
Ma Yunwen,volleyball,female,bronze
Wang Yimei,volleyball,female,bronze
Wei Qiuyue,volleyball,female,bronze
Xu Yunli,volleyball,female,bronze
Xue Ming,volleyball,female,bronze
Yang Hao,volleyball,female,bronze
Zhang Na,volleyball,female,bronze
Zhao Ruirui,volleyball,female,bronze
Zhou Suhong,volleyball,female,bronze
Anderson Rodrigues,volleyball,male,silver
André Heller,volleyball,male,silver
André Nascimento,volleyball,male,silver
Bruno Rezende,volleyball,male,silver
Dante Amaral,volleyball,male,silver
Giba,volleyball,male,silver
Gustavo Endres,volleyball,male,silver
Marcelo Elgarten,volleyball,male,silver
Murilo Endres,volleyball,male,silver
Rodrigão,volleyball,male,silver
Samuel Fuchs,volleyball,male,silver
Sérgio Santos,volleyball,male,silver
Danielle Scott-Arruda,volleyball,female,silver
Heather Bown,volleyball,female,silver
Jennifer Joines,volleyball,female,silver
Kim Glass,volleyball,female,silver
Kim Willoughby,volleyball,female,silver
Lindsey Berg,volleyball,female,silver
Logan Tom,volleyball,female,silver
Nicole Davis,volleyball,female,silver
Ogonna Nnamani,volleyball,female,silver
Robyn Ah Mow-Santos,volleyball,female,silver
Stacy Sykora,volleyball,female,silver
Tayyiba Haneef-Park,volleyball,female,silver
Clayton Stanley,volleyball,male,gold
David Lee,volleyball,male,gold
Gabriel Gardner,volleyball,male,gold
Kevin Hansen,volleyball,male,gold
Lloy Ball,volleyball,male,gold
Reid Priddy,volleyball,male,gold
Richard Lambourne,volleyball,male,gold
Riley Salmon,volleyball,male,gold
Ryan Millar,volleyball,male,gold
Scott Touzinsky,volleyball,male,gold
Sean Rooney,volleyball,male,gold
Thomas Hoff,volleyball,male,gold
Carolina Albuquerque,volleyball,female,gold
Fabiana Claudino,volleyball,female,gold
Fabiana de Oliveira,volleyball,female,gold
Fofão,volleyball,female,gold
Jaqueline Carvalho,volleyball,female,gold
Marianne Steinbrecher,volleyball,female,gold
Paula Pequeno,volleyball,female,gold
Sheilla Castro,volleyball,female,gold
Thaísa Menezes,volleyball,female,gold
Valeska Menezes,volleyball,female,gold
Walewska Oliveira,volleyball,female,gold
Welissa Gonzaga,volleyball,female,gold
Aleksandar Ćirić,water polo,male,bronze
Aleksandar Šapić,water polo,male,bronze
Andrija Prlainović,water polo,male,bronze
Branko Peković,water polo,male,bronze
Dejan Savić,water polo,male,bronze
Denis Šefik,water polo,male,bronze
Duško Pijetlović,water polo,male,bronze
Filip Filipović,water polo,male,bronze
Nikola Rađen,water polo,male,bronze
Slobodan Soro,water polo,male,bronze
Vanja Udovičić,water polo,male,bronze
Vladimir Vujasinović,water polo,male,bronze
Živko Gocić,water polo,male,bronze
Alicia McCormack,water polo,female,bronze
Amy Hetzel,water polo,female,bronze
Bronwen Knox,water polo,female,bronze
Emma Knox,water polo,female,bronze
Gemma Beadsworth,water polo,female,bronze
Jenna Santoromito,water polo,female,bronze
Kate Gynther,water polo,female,bronze
Melissa Rippon,water polo,female,bronze
Mia Santoromito,water polo,female,bronze
Nikita Cuffe,water polo,female,bronze
Rebecca Rippon,water polo,female,bronze
Suzie Fraser,water polo,female,bronze
Taniele Gofers,water polo,female,bronze
Adam Wright,water polo,male,silver
Brandon Brooks,water polo,male,silver
J. W. Krumpholz,water polo,male,silver
Jeff Powers,water polo,male,silver
Jesse Smith,water polo,male,silver
Layne Beaubien,water polo,male,silver
Merrill Moses,water polo,male,silver
Peter Hudnut,water polo,male,silver
Peter Varellas,water polo,male,silver
Rick Merlo,water polo,male,silver
Ryan Bailey,water polo,male,silver
Tim Hutten,water polo,male,silver
Tony Azevedo,water polo,male,silver
Alison Gregorka,water polo,female,silver
Brenda Villa,water polo,female,silver
Brittany Hayes,water polo,female,silver
Elizabeth Armstrong,water polo,female,silver
Elsie Windes,water polo,female,silver
Heather Petri,water polo,female,silver
Jaime Komer,water polo,female,silver
Jessica Steffens,water polo,female,silver
Kami Craig,water polo,female,silver
Lauren Wenger,water polo,female,silver
Moriah van Norman,water polo,female,silver
Natalie Golda,water polo,female,silver
Patty Cardenas,water polo,female,silver
Dániel Varga,water polo,male,gold
Dénes Varga,water polo,male,gold
Gergely Kiss,water polo,male,gold
Gábor Kis,water polo,male,gold
István Gergely,water polo,male,gold
Norbert Hosnyánszky,water polo,male,gold
Norbert Madaras,water polo,male,gold
Péter Biros,water polo,male,gold
Tamás Kásás,water polo,male,gold
Tamás Molnár,water polo,male,gold
Tamás Varga,water polo,male,gold
Tibor Benedek,water polo,male,gold
Zoltán Szécsi,water polo,male,gold
Alette Sijbring,water polo,female,gold
Biurakn Hakhverdian,water polo,female,gold
Daniëlle de Bruijn,water polo,female,gold
Gillian van den Berg,water polo,female,gold
Iefke van Belkum,water polo,female,gold
Ilse van der Meijden,water polo,female,gold
Marieke van den Ham,water polo,female,gold
Meike de Nooy,water polo,female,gold
Mieke Cabout,water polo,female,gold
Noeki Klein,water polo,female,gold
Rianne Guichelaar,water polo,female,gold
Simone Koot,water polo,female,gold
Yasemin Smit,water polo,female,gold
Eko Irawan,weightlifting,male,bronze
Gevorg Davtyan,weightlifting,male,bronze
Jadier Valladares,weightlifting,male,bronze
Marcin Dołęga,weightlifting,male,bronze
Triyatno,weightlifting,male,bronze
Viktors Ščerbatihs,weightlifting,male,bronze
Yoandry Hernández,weightlifting,male,bronze
Yordanis Borrero,weightlifting,male,bronze
Abeer Abdelrahman,weightlifting,female,bronze
Christine Girard,weightlifting,female,bronze
Damaris Gabriela Aguirre Aldaz,weightlifting,female,bronze
Mariam Usman,weightlifting,female,bronze
Pensiri Laosirikul,weightlifting,female,bronze
Raema Lisa Rumbewas,weightlifting,female,bronze
Wandee Kameaim,weightlifting,female,bronze
Arsen Kasabiev,weightlifting,male,silver
Diego Salazar,weightlifting,male,silver
Dmitry Klokov,weightlifting,male,silver
Evgeny Chigishev,weightlifting,male,silver
Hoang Anh Tuan,weightlifting,male,silver
Li Hongli,weightlifting,male,silver
Tigran Vardan Martirosyan,weightlifting,male,silver
Vencelas Dabaya,weightlifting,male,silver
Ele Opeloge,weightlifting,female,silver
Im Jyoung-Hwa,weightlifting,female,silver
Leydi Solís,weightlifting,female,silver
Lu Ying-chi,weightlifting,female,silver
Lydia Valentín,weightlifting,female,silver
O Jong-ae,weightlifting,female,silver
Yoon Jin-Hee,weightlifting,female,silver
Andrei Aramnau,weightlifting,male,gold
Liao Hui,weightlifting,male,gold
Long Qingquan,weightlifting,male,gold
Lu Yong,weightlifting,male,gold
Matthias Steiner,weightlifting,male,gold
Sa Jae-Hyouk,weightlifting,male,gold
Szymon Kołecki,weightlifting,male,gold
Zhang Xiangxiang,weightlifting,male,gold
Alla Vazhenina,weightlifting,female,gold
Chen Wei-ling,weightlifting,female,gold
Chen Yanqing,weightlifting,female,gold
Jang Mi-ran,weightlifting,female,gold
Oksana Slivenko,weightlifting,female,gold
Pak Hyon-suk,weightlifting,female,gold
Prapawadee Jaroenrattanatarakoon,weightlifting,female,gold
